gameMap,gameMode,id,programId,firstName,lastName,alias,headshot,socialNetworkHandles,averageSpeed,highestStreak,untradedKills,untradedDeaths,tradedKills,tradedDeaths,inapplicableTradedKills,inapplicableTradedDeaths,damageTaken,damageHealed,tacticalsUsed,lethalsUsed,percentTimeMoving,deadSilenceTime,hillTime,contestedHillTime,esportsTournamentId,totalKills,totalDeaths,totalAssists,totalScore,totalShotsFired,totalShotsHit,totalShotsHead,totalDamageDealt,friendDamage,totalTimeAlive,totalDistanceTraveled,highestMultikill,totalAces,totalInVictimFovKills,totalDefuserKills,totalFirstBloodKills,totalLongshotKills,totalPlanterKills,totalPointblankKills,totalRevengeKills,totalRotationKills,totalInAttackerFovKills,totalWallbangKills,killDeathRatio,calculatedHillTime,objective1Time,objective2Time,objective3Time,objective4Time,objective5Time,team_type,oppo_abbrev,abbrev,team_id,bombsPlanted,bombsDefused,sneakDefuses,totalObjectivesCaptured,objectiveTiersContributed,matchGame.id,matchGame.matchId,matchGame.number,matchGame.createdAt,matchGame.updatedAt,matchGame.gameMap.Version,matchGame.gameMap.locale,matchGame.gameMap.uid,matchGame.gameMap.InProgress,matchGame.gameMap.abbreviatedName,matchGame.gameMap.createdAt,matchGame.gameMap.createdBy,matchGame.gameMap.description,matchGame.gameMap.desktopImage.src,matchGame.gameMap.displayName,matchGame.gameMap.mapId,matchGame.gameMap.mobileImage.src,matchGame.gameMap.shareStatsImage.src,matchGame.gameMap.tags,matchGame.gameMap.title,matchGame.gameMap.updatedAt,matchGame.gameMap.updatedBy,matchGame.gameMap.publishDetails.environment,matchGame.gameMap.publishDetails.locale,matchGame.gameMap.publishDetails.time,matchGame.gameMap.publishDetails.user,matchGameResult.hostGameScore,matchGameResult.guestGameScore,matchGameResult.winnerTeamId,matchGameResult.loserTeamId,homeTeamGamesWon,awayTeamGamesWon,winnerTeamId,loserTeamId,matchDate
Mercado Las Almas,CDL Hardpoint,46,2,James,Eubanks,Clayster,https://www.callofduty.com/content/dam/activision/in-game-asset/callofduty/cdl/en/headshots/46.png,"[{'socialNetworkType': 'TWITTER', 'handle': 'https://twitter.com/Clayster'}, {'socialNetworkType': 'TWITCH', 'handle': 'https://www.twitch.tv/Clayster'}]",181.18756103515625,4,14,15,5,3,0,0,2107,143,8,6,94,0,22.0,5.0,"1.0,2,8719,19782,0",19,18,4,2545,322,94,6,2398,34,398528,44419.58203125,0,0,14,0,0,0,0,0,5,6,19,0,1.06,00:00,00:00,00:00,00:00,00:00,00:00,host,LAT,LV,15,,,,,,19782,8719,0,1665806628,1676664861,4,en-us,blte7e5653a9db4791e,False,Mercado Las Almas,2022-11-09T00:53:49.990Z,blt85aae568f2119ad8,Mercado Las Almas,https://images.blz-contentstack.com/v3/assets/blta7b34f1f894a2422/blt456d46cae60eb124/636c14eb5e1b6d519cb60df5/cdl-map-256_marcado.webp?auto=webp,Mercado Las Almas,Mercado Las Almas,https://images.blz-contentstack.com/v3/assets/blta7b34f1f894a2422/bltf00c1bd11e973080/636c1510c9f65846aa12845b/cdl-map-600_mercado.webp?auto=webp,https://images.blz-contentstack.com/v3/assets/blta7b34f1f894a2422/bltc072be2f4185aad0/636c1e3f6f39e752dc3938ce/cdl-1920_0004_Mercado.jpg?auto=webp,[],Mercado Las Almas,2022-11-09T21:44:54.759Z,blt42192c9dc0a8617f,blt32369acdba41f6a8,en-us,2022-12-05T10:02:39.877Z,blte5475d8d4c1a4efe,130.0,250.0,69.0,15.0,3,1,15,69,2023-04-02T23:54:45.240Z
Mercado Las Almas,CDL Hardpoint,38,2,Kenneth,Williams,Kenny,https://www.callofduty.com/content/dam/activision/in-game-asset/callofduty/cdl/en/headshots/38.png,"[{'socialNetworkType': 'TWITTER', 'handle': 'https://www.twitter.com/kuavo'}, {'socialNetworkType': 'TWITCH', 'handle': 'https://www.twitch.tv/kuavoken'}]",189.16317749023438,5,12,9,4,5,0,0,1701,301,9,6,95,112,51.0,1.0,"1.0,2,8719,19782,0",16,14,5,2485,272,79,7,1886,1,383168,56027.54296875,0,0,13,0,0,0,0,0,4,4,16,0,1.14,00:00,00:00,00:00,00:00,00:00,00:00,guest,LV,LAT,69,,,,,,19782,8719,0,1665806628,1676664861,4,en-us,blte7e5653a9db4791e,False,Mercado Las Almas,2022-11-09T00:53:49.990Z,blt85aae568f2119ad8,Mercado Las Almas,https://images.blz-contentstack.com/v3/assets/blta7b34f1f894a2422/blt456d46cae60eb124/636c14eb5e1b6d519cb60df5/cdl-map-256_marcado.webp?auto=webp,Mercado Las Almas,Mercado Las Almas,https://images.blz-contentstack.com/v3/assets/blta7b34f1f894a2422/bltf00c1bd11e973080/636c1510c9f65846aa12845b/cdl-map-600_mercado.webp?auto=webp,https://images.blz-contentstack.com/v3/assets/blta7b34f1f894a2422/bltc072be2f4185aad0/636c1e3f6f39e752dc3938ce/cdl-1920_0004_Mercado.jpg?auto=webp,[],Mercado Las Almas,2022-11-09T21:44:54.759Z,blt42192c9dc0a8617f,blt32369acdba41f6a8,en-us,2022-12-05T10:02:39.877Z,blte5475d8d4c1a4efe,130.0,250.0,69.0,15.0,3,1,15,69,2023-04-02T23:54:45.240Z
Mercado Las Almas,CDL Hardpoint,64,2,Donovan,Laroda,Temp,https://www.callofduty.com/content/dam/activision/in-game-asset/callofduty/cdl/en/headshots/64.png,"[{'socialNetworkType': 'TWITTER', 'handle': 'https://twitter.com/Temp'}, {'socialNetworkType': 'TWITCH', 'handle': 'https://www.twitch.tv/Temp'}]",182.6707305908203,4,10,16,4,4,0,0,2455,341,14,8,94,0,35.0,0.0,"1.0,2,8719,19782,0",14,20,5,2100,252,71,6,1928,49,398160,46793.16015625,0,0,12,0,0,0,0,0,6,3,15,0,0.70,00:00,00:00,00:00,00:00,00:00,00:00,host,LAT,LV,15,,,,,,19782,8719,0,1665806628,1676664861,4,en-us,blte7e5653a9db4791e,False,Mercado Las Almas,2022-11-09T00:53:49.990Z,blt85aae568f2119ad8,Mercado Las Almas,https://images.blz-contentstack.com/v3/assets/blta7b34f1f894a2422/blt456d46cae60eb124/636c14eb5e1b6d519cb60df5/cdl-map-256_marcado.webp?auto=webp,Mercado Las Almas,Mercado Las Almas,https://images.blz-contentstack.com/v3/assets/blta7b34f1f894a2422/bltf00c1bd11e973080/636c1510c9f65846aa12845b/cdl-map-600_mercado.webp?auto=webp,https://images.blz-contentstack.com/v3/assets/blta7b34f1f894a2422/bltc072be2f4185aad0/636c1e3f6f39e752dc3938ce/cdl-1920_0004_Mercado.jpg?auto=webp,[],Mercado Las Almas,2022-11-09T21:44:54.759Z,blt42192c9dc0a8617f,blt32369acdba41f6a8,en-us,2022-12-05T10:02:39.877Z,blte5475d8d4c1a4efe,130.0,250.0,69.0,15.0,3,1,15,69,2023-04-02T23:54:45.240Z
Mercado Las Almas,CDL Hardpoint,70,2,Sam,Larew,Octane,https://www.callofduty.com/content/dam/activision/in-game-asset/callofduty/cdl/en/headshots/70.png,"[{'socialNetworkType': 'TWITTER', 'handle': 'twitter.com/octaneSam'}, {'socialNetworkType': 'TWITCH', 'handle': 'https://www.twitch.tv/octane'}]",182.67857360839844,4,14,12,6,6,0,0,2276,451,7,7,93,0,47.0,1.0,"1.0,2,8719,19782,0",20,18,4,3020,194,67,6,1845,1,388304,49631.703125,0,0,15,0,0,4,0,1,4,6,20,0,1.11,00:00,00:00,00:00,00:00,00:00,00:00,guest,LV,LAT,69,,,,,,19782,8719,0,1665806628,1676664861,4,en-us,blte7e5653a9db4791e,False,Mercado Las Almas,2022-11-09T00:53:49.990Z,blt85aae568f2119ad8,Mercado Las Almas,https://images.blz-contentstack.com/v3/assets/blta7b34f1f894a2422/blt456d46cae60eb124/636c14eb5e1b6d519cb60df5/cdl-map-256_marcado.webp?auto=webp,Mercado Las Almas,Mercado Las Almas,https://images.blz-contentstack.com/v3/assets/blta7b34f1f894a2422/bltf00c1bd11e973080/636c1510c9f65846aa12845b/cdl-map-600_mercado.webp?auto=webp,https://images.blz-contentstack.com/v3/assets/blta7b34f1f894a2422/bltc072be2f4185aad0/636c1e3f6f39e752dc3938ce/cdl-1920_0004_Mercado.jpg?auto=webp,[],Mercado Las Almas,2022-11-09T21:44:54.759Z,blt42192c9dc0a8617f,blt32369acdba41f6a8,en-us,2022-12-05T10:02:39.877Z,blte5475d8d4c1a4efe,130.0,250.0,69.0,15.0,3,1,15,69,2023-04-02T23:54:45.240Z
Mercado Las Almas,CDL Hardpoint,97,2,Thomas ,Haly,TJHaLy,https://www.callofduty.com/content/dam/activision/in-game-asset/callofduty/cdl/en/headshots/97.png,"[{'socialNetworkType': 'TWITTER', 'handle': 'https://twitter.com/TJHaLy'}, {'socialNetworkType': 'TWITCH', 'handle': 'https://www.twitch.tv/tjhaly'}]",184.7714385986328,2,9,13,5,6,0,0,2120,185,13,11,89,80,58.0,3.0,"1.0,2,8719,19782,0",14,19,4,2955,304,73,6,1861,68,392576,45223.1484375,0,0,12,0,0,1,0,0,6,0,14,0,0.74,00:00,00:00,00:00,00:00,00:00,00:00,host,LAT,LV,15,,,,,,19782,8719,0,1665806628,1676664861,4,en-us,blte7e5653a9db4791e,False,Mercado Las Almas,2022-11-09T00:53:49.990Z,blt85aae568f2119ad8,Mercado Las Almas,https://images.blz-contentstack.com/v3/assets/blta7b34f1f894a2422/blt456d46cae60eb124/636c14eb5e1b6d519cb60df5/cdl-map-256_marcado.webp?auto=webp,Mercado Las Almas,Mercado Las Almas,https://images.blz-contentstack.com/v3/assets/blta7b34f1f894a2422/bltf00c1bd11e973080/636c1510c9f65846aa12845b/cdl-map-600_mercado.webp?auto=webp,https://images.blz-contentstack.com/v3/assets/blta7b34f1f894a2422/bltc072be2f4185aad0/636c1e3f6f39e752dc3938ce/cdl-1920_0004_Mercado.jpg?auto=webp,[],Mercado Las Almas,2022-11-09T21:44:54.759Z,blt42192c9dc0a8617f,blt32369acdba41f6a8,en-us,2022-12-05T10:02:39.877Z,blte5475d8d4c1a4efe,130.0,250.0,69.0,15.0,3,1,15,69,2023-04-02T23:54:45.240Z
Mercado Las Almas,CDL Hardpoint,111,2,Dylan,Hannon,Envoy,https://www.callofduty.com/content/dam/activision/in-game-asset/callofduty/cdl/en/headshots/111.png,"[{'socialNetworkType': 'TWITTER', 'handle': 'https://twitter.com/DylanEnvoy'}, {'socialNetworkType': 'TWITCH', 'handle': 'https://www.twitch.tv/DylanEnvoy'}]",172.3272705078125,4,19,10,3,5,0,0,2149,631,13,14,99,104,95.0,3.0,"1.0,2,8719,19782,0",22,15,9,4615,319,105,6,2778,0,384128,44687.7109375,0,0,18,0,1,0,0,0,5,5,22,0,1.47,00:00,00:00,00:00,00:00,00:00,00:00,guest,LV,LAT,69,,,,,,19782,8719,0,1665806628,1676664861,4,en-us,blte7e5653a9db4791e,False,Mercado Las Almas,2022-11-09T00:53:49.990Z,blt85aae568f2119ad8,Mercado Las Almas,https://images.blz-contentstack.com/v3/assets/blta7b34f1f894a2422/blt456d46cae60eb124/636c14eb5e1b6d519cb60df5/cdl-map-256_marcado.webp?auto=webp,Mercado Las Almas,Mercado Las Almas,https://images.blz-contentstack.com/v3/assets/blta7b34f1f894a2422/bltf00c1bd11e973080/636c1510c9f65846aa12845b/cdl-map-600_mercado.webp?auto=webp,https://images.blz-contentstack.com/v3/assets/blta7b34f1f894a2422/bltc072be2f4185aad0/636c1e3f6f39e752dc3938ce/cdl-1920_0004_Mercado.jpg?auto=webp,[],Mercado Las Almas,2022-11-09T21:44:54.759Z,blt42192c9dc0a8617f,blt32369acdba41f6a8,en-us,2022-12-05T10:02:39.877Z,blte5475d8d4c1a4efe,130.0,250.0,69.0,15.0,3,1,15,69,2023-04-02T23:54:45.240Z
Mercado Las Almas,CDL Hardpoint,525,2,Brendan,Stockdale,2ReaL,https://telescope.callofduty.com/ts/codp/content/cdl/en/headshots/525.png,[],208.50511169433594,2,7,18,5,5,0,0,2452,152,17,8,93,60,27.0,1.0,"1.0,2,8719,19782,0",12,23,4,1870,230,76,5,1805,37,388096,49042.921875,0,0,7,0,0,0,0,0,2,4,12,0,0.52,00:00,00:00,00:00,00:00,00:00,00:00,host,LAT,LV,15,,,,,,19782,8719,0,1665806628,1676664861,4,en-us,blte7e5653a9db4791e,False,Mercado Las Almas,2022-11-09T00:53:49.990Z,blt85aae568f2119ad8,Mercado Las Almas,https://images.blz-contentstack.com/v3/assets/blta7b34f1f894a2422/blt456d46cae60eb124/636c14eb5e1b6d519cb60df5/cdl-map-256_marcado.webp?auto=webp,Mercado Las Almas,Mercado Las Almas,https://images.blz-contentstack.com/v3/assets/blta7b34f1f894a2422/bltf00c1bd11e973080/636c1510c9f65846aa12845b/cdl-map-600_mercado.webp?auto=webp,https://images.blz-contentstack.com/v3/assets/blta7b34f1f894a2422/bltc072be2f4185aad0/636c1e3f6f39e752dc3938ce/cdl-1920_0004_Mercado.jpg?auto=webp,[],Mercado Las Almas,2022-11-09T21:44:54.759Z,blt42192c9dc0a8617f,blt32369acdba41f6a8,en-us,2022-12-05T10:02:39.877Z,blte5475d8d4c1a4efe,130.0,250.0,69.0,15.0,3,1,15,69,2023-04-02T23:54:45.240Z
Mercado Las Almas,CDL Hardpoint,229,2,Zachary,Jordan,Drazah,https://www.callofduty.com/content/dam/activision/in-game-asset/callofduty/cdl/en/headshots/229.png,[],169.2341766357422,4,17,9,5,3,0,0,1898,652,9,9,96,0,80.0,2.0,"1.0,2,8719,19782,0",22,12,6,3625,326,94,9,2437,30,422656,47121.06640625,0,0,21,0,0,2,0,2,5,1,22,0,1.83,00:00,00:00,00:00,00:00,00:00,00:00,guest,LV,LAT,69,,,,,,19782,8719,0,1665806628,1676664861,4,en-us,blte7e5653a9db4791e,False,Mercado Las Almas,2022-11-09T00:53:49.990Z,blt85aae568f2119ad8,Mercado Las Almas,https://images.blz-contentstack.com/v3/assets/blta7b34f1f894a2422/blt456d46cae60eb124/636c14eb5e1b6d519cb60df5/cdl-map-256_marcado.webp?auto=webp,Mercado Las Almas,Mercado Las Almas,https://images.blz-contentstack.com/v3/assets/blta7b34f1f894a2422/bltf00c1bd11e973080/636c1510c9f65846aa12845b/cdl-map-600_mercado.webp?auto=webp,https://images.blz-contentstack.com/v3/assets/blta7b34f1f894a2422/bltc072be2f4185aad0/636c1e3f6f39e752dc3938ce/cdl-1920_0004_Mercado.jpg?auto=webp,[],Mercado Las Almas,2022-11-09T21:44:54.759Z,blt42192c9dc0a8617f,blt32369acdba41f6a8,en-us,2022-12-05T10:02:39.877Z,blte5475d8d4c1a4efe,130.0,250.0,69.0,15.0,3,1,15,69,2023-04-02T23:54:45.240Z
Al Bagra Fortress,CDL SnD,46,2,James,Eubanks,Clayster,https://www.callofduty.com/content/dam/activision/in-game-asset/callofduty/cdl/en/headshots/46.png,"[{'socialNetworkType': 'TWITTER', 'handle': 'https://twitter.com/Clayster'}, {'socialNetworkType': 'TWITCH', 'handle': 'https://www.twitch.tv/Clayster'}]",64.28068542480469,3,4,4,1,2,2,1,909,209,7,4,65,15,,,"1.0,2,8719,19783,1",7,7,3,700,118,27,5,880,1,474976,25243.767578125,0,0,6,0,1,0,0,0,0,0,7,0,1.00,00:00,00:00,00:00,00:00,00:00,00:00,host,LAT,LV,15,0.0,0.0,0.0,,,19783,8719,1,1665806628,1676666022,3,en-us,blt1921fb6f5c8e1e1f,False,Al Bagra Fortress,2022-11-09T00:52:47.185Z,blt85aae568f2119ad8,Al Bagra Fortress,https://images.blz-contentstack.com/v3/assets/blta7b34f1f894a2422/blt6271c32b88793372/636c14ebb81bb7383c9983de/cdl-map-256_al_abgra_fortress.webp?auto=webp,Al Bagra Fortress,Al Bagra Fortress,https://images.blz-contentstack.com/v3/assets/blta7b34f1f894a2422/blt024c3bc6e6612639/636c1510a1e3093bbef755b0/cdl-map-600_al_abrgra_fortress.webp?auto=webp,https://images.blz-contentstack.com/v3/assets/blta7b34f1f894a2422/blt9a4a86be9875f920/636c1e3e5c8aab3d41e7a5a6/cdl-1920_0000_Al_Abgra_Fortress.jpg?auto=webp,[],Al Bagra Fortress,2022-11-09T21:43:30.365Z,blt42192c9dc0a8617f,blt32369acdba41f6a8,en-us,2022-12-05T10:03:45.339Z,blte5475d8d4c1a4efe,6.0,4.0,15.0,69.0,3,1,15,69,2023-04-02T23:54:45.240Z
Al Bagra Fortress,CDL SnD,38,2,Kenneth,Williams,Kenny,https://www.callofduty.com/content/dam/activision/in-game-asset/callofduty/cdl/en/headshots/38.png,"[{'socialNetworkType': 'TWITTER', 'handle': 'https://www.twitter.com/kuavo'}, {'socialNetworkType': 'TWITCH', 'handle': 'https://www.twitch.tv/kuavoken'}]",72.54103088378906,2,3,5,5,1,1,3,1071,171,7,2,55,54,,,"1.0,2,8719,19783,1",9,9,3,975,218,52,3,1249,0,443360,31441.7734375,0,0,7,0,2,1,0,0,0,0,9,0,1.00,00:00,00:00,00:00,00:00,00:00,00:00,guest,LV,LAT,69,0.0,0.0,0.0,,,19783,8719,1,1665806628,1676666022,3,en-us,blt1921fb6f5c8e1e1f,False,Al Bagra Fortress,2022-11-09T00:52:47.185Z,blt85aae568f2119ad8,Al Bagra Fortress,https://images.blz-contentstack.com/v3/assets/blta7b34f1f894a2422/blt6271c32b88793372/636c14ebb81bb7383c9983de/cdl-map-256_al_abgra_fortress.webp?auto=webp,Al Bagra Fortress,Al Bagra Fortress,https://images.blz-contentstack.com/v3/assets/blta7b34f1f894a2422/blt024c3bc6e6612639/636c1510a1e3093bbef755b0/cdl-map-600_al_abrgra_fortress.webp?auto=webp,https://images.blz-contentstack.com/v3/assets/blta7b34f1f894a2422/blt9a4a86be9875f920/636c1e3e5c8aab3d41e7a5a6/cdl-1920_0000_Al_Abgra_Fortress.jpg?auto=webp,[],Al Bagra Fortress,2022-11-09T21:43:30.365Z,blt42192c9dc0a8617f,blt32369acdba41f6a8,en-us,2022-12-05T10:03:45.339Z,blte5475d8d4c1a4efe,6.0,4.0,15.0,69.0,3,1,15,69,2023-04-02T23:54:45.240Z
Al Bagra Fortress,CDL SnD,64,2,Donovan,Laroda,Temp,https://www.callofduty.com/content/dam/activision/in-game-asset/callofduty/cdl/en/headshots/64.png,"[{'socialNetworkType': 'TWITTER', 'handle': 'https://twitter.com/Temp'}, {'socialNetworkType': 'TWITCH', 'handle': 'https://www.twitch.tv/Temp'}]",84.1236343383789,4,6,3,0,2,3,1,826,144,8,6,68,28,,,"1.0,2,8719,19783,1",9,6,3,825,149,31,3,854,2,483648,35486.5625,0,1,5,0,1,0,0,0,0,0,9,0,1.50,00:00,00:00,00:00,00:00,00:00,00:00,host,LAT,LV,15,1.0,0.0,0.0,,,19783,8719,1,1665806628,1676666022,3,en-us,blt1921fb6f5c8e1e1f,False,Al Bagra Fortress,2022-11-09T00:52:47.185Z,blt85aae568f2119ad8,Al Bagra Fortress,https://images.blz-contentstack.com/v3/assets/blta7b34f1f894a2422/blt6271c32b88793372/636c14ebb81bb7383c9983de/cdl-map-256_al_abgra_fortress.webp?auto=webp,Al Bagra Fortress,Al Bagra Fortress,https://images.blz-contentstack.com/v3/assets/blta7b34f1f894a2422/blt024c3bc6e6612639/636c1510a1e3093bbef755b0/cdl-map-600_al_abrgra_fortress.webp?auto=webp,https://images.blz-contentstack.com/v3/assets/blta7b34f1f894a2422/blt9a4a86be9875f920/636c1e3e5c8aab3d41e7a5a6/cdl-1920_0000_Al_Abgra_Fortress.jpg?auto=webp,[],Al Bagra Fortress,2022-11-09T21:43:30.365Z,blt42192c9dc0a8617f,blt32369acdba41f6a8,en-us,2022-12-05T10:03:45.339Z,blte5475d8d4c1a4efe,6.0,4.0,15.0,69.0,3,1,15,69,2023-04-02T23:54:45.240Z
Al Bagra Fortress,CDL SnD,70,2,Sam,Larew,Octane,https://www.callofduty.com/content/dam/activision/in-game-asset/callofduty/cdl/en/headshots/70.png,"[{'socialNetworkType': 'TWITTER', 'handle': 'twitter.com/octaneSam'}, {'socialNetworkType': 'TWITCH', 'handle': 'https://www.twitch.tv/octane'}]",72.90611267089844,4,6,7,1,0,1,1,814,10,8,5,68,54,,,"1.0,2,8719,19783,1",8,8,0,1000,91,30,1,878,88,493360,29717.1953125,0,0,5,0,1,0,0,0,0,0,8,0,1.00,00:00,00:00,00:00,00:00,00:00,00:00,guest,LV,LAT,69,2.0,1.0,0.0,,,19783,8719,1,1665806628,1676666022,3,en-us,blt1921fb6f5c8e1e1f,False,Al Bagra Fortress,2022-11-09T00:52:47.185Z,blt85aae568f2119ad8,Al Bagra Fortress,https://images.blz-contentstack.com/v3/assets/blta7b34f1f894a2422/blt6271c32b88793372/636c14ebb81bb7383c9983de/cdl-map-256_al_abgra_fortress.webp?auto=webp,Al Bagra Fortress,Al Bagra Fortress,https://images.blz-contentstack.com/v3/assets/blta7b34f1f894a2422/blt024c3bc6e6612639/636c1510a1e3093bbef755b0/cdl-map-600_al_abrgra_fortress.webp?auto=webp,https://images.blz-contentstack.com/v3/assets/blta7b34f1f894a2422/blt9a4a86be9875f920/636c1e3e5c8aab3d41e7a5a6/cdl-1920_0000_Al_Abgra_Fortress.jpg?auto=webp,[],Al Bagra Fortress,2022-11-09T21:43:30.365Z,blt42192c9dc0a8617f,blt32369acdba41f6a8,en-us,2022-12-05T10:03:45.339Z,blte5475d8d4c1a4efe,6.0,4.0,15.0,69.0,3,1,15,69,2023-04-02T23:54:45.240Z
Al Bagra Fortress,CDL SnD,97,2,Thomas ,Haly,TJHaLy,https://www.callofduty.com/content/dam/activision/in-game-asset/callofduty/cdl/en/headshots/97.png,"[{'socialNetworkType': 'TWITTER', 'handle': 'https://twitter.com/TJHaLy'}, {'socialNetworkType': 'TWITCH', 'handle': 'https://www.twitch.tv/tjhaly'}]",64.41035461425781,6,11,4,0,2,1,1,1080,289,7,3,55,59,,,"1.0,2,8719,19783,1",12,7,4,1175,142,44,4,1165,0,511856,26637.13671875,0,0,11,0,1,1,0,0,0,0,12,0,1.71,00:00,00:00,00:00,00:00,00:00,00:00,host,LAT,LV,15,0.0,0.0,0.0,,,19783,8719,1,1665806628,1676666022,3,en-us,blt1921fb6f5c8e1e1f,False,Al Bagra Fortress,2022-11-09T00:52:47.185Z,blt85aae568f2119ad8,Al Bagra Fortress,https://images.blz-contentstack.com/v3/assets/blta7b34f1f894a2422/blt6271c32b88793372/636c14ebb81bb7383c9983de/cdl-map-256_al_abgra_fortress.webp?auto=webp,Al Bagra Fortress,Al Bagra Fortress,https://images.blz-contentstack.com/v3/assets/blta7b34f1f894a2422/blt024c3bc6e6612639/636c1510a1e3093bbef755b0/cdl-map-600_al_abrgra_fortress.webp?auto=webp,https://images.blz-contentstack.com/v3/assets/blta7b34f1f894a2422/blt9a4a86be9875f920/636c1e3e5c8aab3d41e7a5a6/cdl-1920_0000_Al_Abgra_Fortress.jpg?auto=webp,[],Al Bagra Fortress,2022-11-09T21:43:30.365Z,blt42192c9dc0a8617f,blt32369acdba41f6a8,en-us,2022-12-05T10:03:45.339Z,blte5475d8d4c1a4efe,6.0,4.0,15.0,69.0,3,1,15,69,2023-04-02T23:54:45.240Z
Al Bagra Fortress,CDL SnD,111,2,Dylan,Hannon,Envoy,https://www.callofduty.com/content/dam/activision/in-game-asset/callofduty/cdl/en/headshots/111.png,"[{'socialNetworkType': 'TWITTER', 'handle': 'https://twitter.com/DylanEnvoy'}, {'socialNetworkType': 'TWITCH', 'handle': 'https://www.twitch.tv/DylanEnvoy'}]",62.97624206542969,2,4,7,2,0,0,2,960,60,6,7,53,22,,,"1.0,2,8719,19783,1",6,9,0,600,105,32,5,804,0,371856,27234.333984375,0,0,3,0,3,0,0,2,0,0,6,0,0.67,00:00,00:00,00:00,00:00,00:00,00:00,guest,LV,LAT,69,0.0,0.0,0.0,,,19783,8719,1,1665806628,1676666022,3,en-us,blt1921fb6f5c8e1e1f,False,Al Bagra Fortress,2022-11-09T00:52:47.185Z,blt85aae568f2119ad8,Al Bagra Fortress,https://images.blz-contentstack.com/v3/assets/blta7b34f1f894a2422/blt6271c32b88793372/636c14ebb81bb7383c9983de/cdl-map-256_al_abgra_fortress.webp?auto=webp,Al Bagra Fortress,Al Bagra Fortress,https://images.blz-contentstack.com/v3/assets/blta7b34f1f894a2422/blt024c3bc6e6612639/636c1510a1e3093bbef755b0/cdl-map-600_al_abrgra_fortress.webp?auto=webp,https://images.blz-contentstack.com/v3/assets/blta7b34f1f894a2422/blt9a4a86be9875f920/636c1e3e5c8aab3d41e7a5a6/cdl-1920_0000_Al_Abgra_Fortress.jpg?auto=webp,[],Al Bagra Fortress,2022-11-09T21:43:30.365Z,blt42192c9dc0a8617f,blt32369acdba41f6a8,en-us,2022-12-05T10:03:45.339Z,blte5475d8d4c1a4efe,6.0,4.0,15.0,69.0,3,1,15,69,2023-04-02T23:54:45.240Z
Al Bagra Fortress,CDL SnD,525,2,Brendan,Stockdale,2ReaL,https://telescope.callofduty.com/ts/codp/content/cdl/en/headshots/525.png,[],70.53306579589844,3,4,5,2,3,1,0,1011,120,9,5,60,0,,,"1.0,2,8719,19783,1",7,8,5,1025,212,36,5,837,0,424416,27599.87109375,0,0,6,0,0,0,0,0,1,0,7,0,0.88,00:00,00:00,00:00,00:00,00:00,00:00,host,LAT,LV,15,2.0,0.0,0.0,,,19783,8719,1,1665806628,1676666022,3,en-us,blt1921fb6f5c8e1e1f,False,Al Bagra Fortress,2022-11-09T00:52:47.185Z,blt85aae568f2119ad8,Al Bagra Fortress,https://images.blz-contentstack.com/v3/assets/blta7b34f1f894a2422/blt6271c32b88793372/636c14ebb81bb7383c9983de/cdl-map-256_al_abgra_fortress.webp?auto=webp,Al Bagra Fortress,Al Bagra Fortress,https://images.blz-contentstack.com/v3/assets/blta7b34f1f894a2422/blt024c3bc6e6612639/636c1510a1e3093bbef755b0/cdl-map-600_al_abrgra_fortress.webp?auto=webp,https://images.blz-contentstack.com/v3/assets/blta7b34f1f894a2422/blt9a4a86be9875f920/636c1e3e5c8aab3d41e7a5a6/cdl-1920_0000_Al_Abgra_Fortress.jpg?auto=webp,[],Al Bagra Fortress,2022-11-09T21:43:30.365Z,blt42192c9dc0a8617f,blt32369acdba41f6a8,en-us,2022-12-05T10:03:45.339Z,blte5475d8d4c1a4efe,6.0,4.0,15.0,69.0,3,1,15,69,2023-04-02T23:54:45.240Z
Al Bagra Fortress,CDL SnD,229,2,Zachary,Jordan,Drazah,https://www.callofduty.com/content/dam/activision/in-game-asset/callofduty/cdl/en/headshots/229.png,[],76.12026977539062,2,3,6,1,2,1,1,981,81,8,7,61,22,,,"1.0,2,8719,19783,1",5,9,2,475,87,27,4,892,2,435456,32218.505859375,0,0,3,0,1,0,0,0,0,0,5,0,0.56,00:00,00:00,00:00,00:00,00:00,00:00,guest,LV,LAT,69,0.0,0.0,0.0,,,19783,8719,1,1665806628,1676666022,3,en-us,blt1921fb6f5c8e1e1f,False,Al Bagra Fortress,2022-11-09T00:52:47.185Z,blt85aae568f2119ad8,Al Bagra Fortress,https://images.blz-contentstack.com/v3/assets/blta7b34f1f894a2422/blt6271c32b88793372/636c14ebb81bb7383c9983de/cdl-map-256_al_abgra_fortress.webp?auto=webp,Al Bagra Fortress,Al Bagra Fortress,https://images.blz-contentstack.com/v3/assets/blta7b34f1f894a2422/blt024c3bc6e6612639/636c1510a1e3093bbef755b0/cdl-map-600_al_abrgra_fortress.webp?auto=webp,https://images.blz-contentstack.com/v3/assets/blta7b34f1f894a2422/blt9a4a86be9875f920/636c1e3e5c8aab3d41e7a5a6/cdl-1920_0000_Al_Abgra_Fortress.jpg?auto=webp,[],Al Bagra Fortress,2022-11-09T21:43:30.365Z,blt42192c9dc0a8617f,blt32369acdba41f6a8,en-us,2022-12-05T10:03:45.339Z,blte5475d8d4c1a4efe,6.0,4.0,15.0,69.0,3,1,15,69,2023-04-02T23:54:45.240Z
Breenbergh Hotel,CDL Control,46,2,James,Eubanks,Clayster,https://www.callofduty.com/content/dam/activision/in-game-asset/callofduty/cdl/en/headshots/46.png,"[{'socialNetworkType': 'TWITTER', 'handle': 'https://twitter.com/Clayster'}, {'socialNetworkType': 'TWITCH', 'handle': 'https://www.twitch.tv/Clayster'}]",176.38392639160156,5,22,22,7,8,0,0,3593,575,18,14,90,0,,,"1.0,2,8719,19784,2",29,30,11,3550,471,147,22,4105,64,827232,87401.6953125,0,0,21,0,2,2,0,0,4,0,29,0,0.97,00:00,00:00,00:00,00:00,00:00,00:00,host,LAT,LV,15,,,,2.0,4.0,19784,8719,2,1665806628,1676667563,5,en-us,bltab7a33edbf6dcfc4,False,Breenbergh Hotel,2022-11-09T00:53:04.918Z,blt85aae568f2119ad8,Breenbergh Hotel,https://images.blz-contentstack.com/v3/assets/blta7b34f1f894a2422/blt40d49d85bb7d2c49/636c14eb3debb436bf972bdd/cdl-map-256_breenburgh_hotel.webp?auto=webp,Breenbergh Hotel,Breenbergh Hotel,https://images.blz-contentstack.com/v3/assets/blta7b34f1f894a2422/blt32587d48f533dc08/636c1510f17951383bcfbc8c/cdl-map-600_breeburgh_hotel.webp?auto=webp,https://images.blz-contentstack.com/v3/assets/blta7b34f1f894a2422/blt6b987db91f9770f9/636c1e3fabdffc469fad216b/cdl-1920_0002_Breenburgh_Hotel.jpg?auto=webp,[],Breenburgh Hotel,2022-12-03T02:04:30.718Z,blt85aae568f2119ad8,blt32369acdba41f6a8,en-us,2022-12-05T10:02:00.334Z,blte5475d8d4c1a4efe,3.0,2.0,15.0,69.0,3,1,15,69,2023-04-02T23:54:45.240Z
Breenbergh Hotel,CDL Control,38,2,Kenneth,Williams,Kenny,https://www.callofduty.com/content/dam/activision/in-game-asset/callofduty/cdl/en/headshots/38.png,"[{'socialNetworkType': 'TWITTER', 'handle': 'https://www.twitter.com/kuavo'}, {'socialNetworkType': 'TWITCH', 'handle': 'https://www.twitch.tv/kuavoken'}]",175.5703582763672,4,18,20,4,6,0,0,3592,972,21,17,93,159,,,"1.0,2,8719,19784,2",22,26,4,2475,409,106,12,2747,95,844672,90620.0625,0,0,21,0,0,1,0,0,5,0,22,0,0.85,00:00,00:00,00:00,00:00,00:00,00:00,guest,LV,LAT,69,,,,0.0,3.0,19784,8719,2,1665806628,1676667563,5,en-us,bltab7a33edbf6dcfc4,False,Breenbergh Hotel,2022-11-09T00:53:04.918Z,blt85aae568f2119ad8,Breenbergh Hotel,https://images.blz-contentstack.com/v3/assets/blta7b34f1f894a2422/blt40d49d85bb7d2c49/636c14eb3debb436bf972bdd/cdl-map-256_breenburgh_hotel.webp?auto=webp,Breenbergh Hotel,Breenbergh Hotel,https://images.blz-contentstack.com/v3/assets/blta7b34f1f894a2422/blt32587d48f533dc08/636c1510f17951383bcfbc8c/cdl-map-600_breeburgh_hotel.webp?auto=webp,https://images.blz-contentstack.com/v3/assets/blta7b34f1f894a2422/blt6b987db91f9770f9/636c1e3fabdffc469fad216b/cdl-1920_0002_Breenburgh_Hotel.jpg?auto=webp,[],Breenburgh Hotel,2022-12-03T02:04:30.718Z,blt85aae568f2119ad8,blt32369acdba41f6a8,en-us,2022-12-05T10:02:00.334Z,blte5475d8d4c1a4efe,3.0,2.0,15.0,69.0,3,1,15,69,2023-04-02T23:54:45.240Z
Breenbergh Hotel,CDL Control,64,2,Donovan,Laroda,Temp,https://www.callofduty.com/content/dam/activision/in-game-asset/callofduty/cdl/en/headshots/64.png,"[{'socialNetworkType': 'TWITTER', 'handle': 'https://twitter.com/Temp'}, {'socialNetworkType': 'TWITCH', 'handle': 'https://www.twitch.tv/Temp'}]",192.20419311523438,6,27,20,5,5,1,0,3566,921,23,17,97,0,,,"1.0,2,8719,19784,2",33,25,9,4275,627,141,9,3726,86,849184,95935.3515625,0,0,31,0,0,1,0,0,4,0,33,0,1.32,00:00,00:00,00:00,00:00,00:00,00:00,host,LAT,LV,15,,,,4.0,7.0,19784,8719,2,1665806628,1676667563,5,en-us,bltab7a33edbf6dcfc4,False,Breenbergh Hotel,2022-11-09T00:53:04.918Z,blt85aae568f2119ad8,Breenbergh Hotel,https://images.blz-contentstack.com/v3/assets/blta7b34f1f894a2422/blt40d49d85bb7d2c49/636c14eb3debb436bf972bdd/cdl-map-256_breenburgh_hotel.webp?auto=webp,Breenbergh Hotel,Breenbergh Hotel,https://images.blz-contentstack.com/v3/assets/blta7b34f1f894a2422/blt32587d48f533dc08/636c1510f17951383bcfbc8c/cdl-map-600_breeburgh_hotel.webp?auto=webp,https://images.blz-contentstack.com/v3/assets/blta7b34f1f894a2422/blt6b987db91f9770f9/636c1e3fabdffc469fad216b/cdl-1920_0002_Breenburgh_Hotel.jpg?auto=webp,[],Breenburgh Hotel,2022-12-03T02:04:30.718Z,blt85aae568f2119ad8,blt32369acdba41f6a8,en-us,2022-12-05T10:02:00.334Z,blte5475d8d4c1a4efe,3.0,2.0,15.0,69.0,3,1,15,69,2023-04-02T23:54:45.240Z
Breenbergh Hotel,CDL Control,70,2,Sam,Larew,Octane,https://www.callofduty.com/content/dam/activision/in-game-asset/callofduty/cdl/en/headshots/70.png,"[{'socialNetworkType': 'TWITTER', 'handle': 'twitter.com/octaneSam'}, {'socialNetworkType': 'TWITCH', 'handle': 'https://www.twitch.tv/octane'}]",156.81698608398438,6,19,19,9,5,0,0,2928,528,15,10,91,0,,,"1.0,2,8719,19784,2",28,23,8,3775,338,120,11,3495,30,849056,78531.25,0,0,24,0,1,2,0,0,5,0,28,0,1.22,00:00,00:00,00:00,00:00,00:00,00:00,guest,LV,LAT,69,,,,2.0,6.0,19784,8719,2,1665806628,1676667563,5,en-us,bltab7a33edbf6dcfc4,False,Breenbergh Hotel,2022-11-09T00:53:04.918Z,blt85aae568f2119ad8,Breenbergh Hotel,https://images.blz-contentstack.com/v3/assets/blta7b34f1f894a2422/blt40d49d85bb7d2c49/636c14eb3debb436bf972bdd/cdl-map-256_breenburgh_hotel.webp?auto=webp,Breenbergh Hotel,Breenbergh Hotel,https://images.blz-contentstack.com/v3/assets/blta7b34f1f894a2422/blt32587d48f533dc08/636c1510f17951383bcfbc8c/cdl-map-600_breeburgh_hotel.webp?auto=webp,https://images.blz-contentstack.com/v3/assets/blta7b34f1f894a2422/blt6b987db91f9770f9/636c1e3fabdffc469fad216b/cdl-1920_0002_Breenburgh_Hotel.jpg?auto=webp,[],Breenburgh Hotel,2022-12-03T02:04:30.718Z,blt85aae568f2119ad8,blt32369acdba41f6a8,en-us,2022-12-05T10:02:00.334Z,blte5475d8d4c1a4efe,3.0,2.0,15.0,69.0,3,1,15,69,2023-04-02T23:54:45.240Z
Breenbergh Hotel,CDL Control,97,2,Thomas ,Haly,TJHaLy,https://www.callofduty.com/content/dam/activision/in-game-asset/callofduty/cdl/en/headshots/97.png,"[{'socialNetworkType': 'TWITTER', 'handle': 'https://twitter.com/TJHaLy'}, {'socialNetworkType': 'TWITCH', 'handle': 'https://www.twitch.tv/tjhaly'}]",196.18621826171875,3,13,20,6,10,0,0,3810,682,23,14,92,164,,,"1.0,2,8719,19784,2",19,30,10,2675,405,115,14,3114,1,829856,94540.234375,0,0,14,0,1,1,0,1,2,0,19,0,0.63,00:00,00:00,00:00,00:00,00:00,00:00,host,LAT,LV,15,,,,4.0,8.0,19784,8719,2,1665806628,1676667563,5,en-us,bltab7a33edbf6dcfc4,False,Breenbergh Hotel,2022-11-09T00:53:04.918Z,blt85aae568f2119ad8,Breenbergh Hotel,https://images.blz-contentstack.com/v3/assets/blta7b34f1f894a2422/blt40d49d85bb7d2c49/636c14eb3debb436bf972bdd/cdl-map-256_breenburgh_hotel.webp?auto=webp,Breenbergh Hotel,Breenbergh Hotel,https://images.blz-contentstack.com/v3/assets/blta7b34f1f894a2422/blt32587d48f533dc08/636c1510f17951383bcfbc8c/cdl-map-600_breeburgh_hotel.webp?auto=webp,https://images.blz-contentstack.com/v3/assets/blta7b34f1f894a2422/blt6b987db91f9770f9/636c1e3fabdffc469fad216b/cdl-1920_0002_Breenburgh_Hotel.jpg?auto=webp,[],Breenburgh Hotel,2022-12-03T02:04:30.718Z,blt85aae568f2119ad8,blt32369acdba41f6a8,en-us,2022-12-05T10:02:00.334Z,blte5475d8d4c1a4efe,3.0,2.0,15.0,69.0,3,1,15,69,2023-04-02T23:54:45.240Z
Breenbergh Hotel,CDL Control,111,2,Dylan,Hannon,Envoy,https://www.callofduty.com/content/dam/activision/in-game-asset/callofduty/cdl/en/headshots/111.png,"[{'socialNetworkType': 'TWITTER', 'handle': 'https://twitter.com/DylanEnvoy'}, {'socialNetworkType': 'TWITCH', 'handle': 'https://www.twitch.tv/DylanEnvoy'}]",224.22671508789062,5,21,21,9,11,0,1,4021,673,31,24,96,141,,,"1.0,2,8719,19784,2",30,33,5,3500,525,149,24,3804,0,811904,109108.2421875,0,0,26,0,1,0,0,0,9,0,30,0,0.91,00:00,00:00,00:00,00:00,00:00,00:00,guest,LV,LAT,69,,,,1.0,6.0,19784,8719,2,1665806628,1676667563,5,en-us,bltab7a33edbf6dcfc4,False,Breenbergh Hotel,2022-11-09T00:53:04.918Z,blt85aae568f2119ad8,Breenbergh Hotel,https://images.blz-contentstack.com/v3/assets/blta7b34f1f894a2422/blt40d49d85bb7d2c49/636c14eb3debb436bf972bdd/cdl-map-256_breenburgh_hotel.webp?auto=webp,Breenbergh Hotel,Breenbergh Hotel,https://images.blz-contentstack.com/v3/assets/blta7b34f1f894a2422/blt32587d48f533dc08/636c1510f17951383bcfbc8c/cdl-map-600_breeburgh_hotel.webp?auto=webp,https://images.blz-contentstack.com/v3/assets/blta7b34f1f894a2422/blt6b987db91f9770f9/636c1e3fabdffc469fad216b/cdl-1920_0002_Breenburgh_Hotel.jpg?auto=webp,[],Breenburgh Hotel,2022-12-03T02:04:30.718Z,blt85aae568f2119ad8,blt32369acdba41f6a8,en-us,2022-12-05T10:02:00.334Z,blte5475d8d4c1a4efe,3.0,2.0,15.0,69.0,3,1,15,69,2023-04-02T23:54:45.240Z
Breenbergh Hotel,CDL Control,525,2,Brendan,Stockdale,2ReaL,https://telescope.callofduty.com/ts/codp/content/cdl/en/headshots/525.png,[],201.64373779296875,7,23,15,10,6,0,0,2907,767,16,7,93,267,,,"1.0,2,8719,19784,2",32,21,7,3950,390,128,7,3267,0,869872,105212.0078125,0,0,21,0,0,0,0,1,7,0,31,0,1.52,00:00,00:00,00:00,00:00,00:00,00:00,host,LAT,LV,15,,,,4.0,8.0,19784,8719,2,1665806628,1676667563,5,en-us,bltab7a33edbf6dcfc4,False,Breenbergh Hotel,2022-11-09T00:53:04.918Z,blt85aae568f2119ad8,Breenbergh Hotel,https://images.blz-contentstack.com/v3/assets/blta7b34f1f894a2422/blt40d49d85bb7d2c49/636c14eb3debb436bf972bdd/cdl-map-256_breenburgh_hotel.webp?auto=webp,Breenbergh Hotel,Breenbergh Hotel,https://images.blz-contentstack.com/v3/assets/blta7b34f1f894a2422/blt32587d48f533dc08/636c1510f17951383bcfbc8c/cdl-map-600_breeburgh_hotel.webp?auto=webp,https://images.blz-contentstack.com/v3/assets/blta7b34f1f894a2422/blt6b987db91f9770f9/636c1e3fabdffc469fad216b/cdl-1920_0002_Breenburgh_Hotel.jpg?auto=webp,[],Breenburgh Hotel,2022-12-03T02:04:30.718Z,blt85aae568f2119ad8,blt32369acdba41f6a8,en-us,2022-12-05T10:02:00.334Z,blte5475d8d4c1a4efe,3.0,2.0,15.0,69.0,3,1,15,69,2023-04-02T23:54:45.240Z
Breenbergh Hotel,CDL Control,229,2,Zachary,Jordan,Drazah,https://www.callofduty.com/content/dam/activision/in-game-asset/callofduty/cdl/en/headshots/229.png,[],187.19700622558594,4,19,25,7,6,0,0,3796,639,20,13,96,0,,,"1.0,2,8719,19784,2",26,31,10,3350,379,126,10,3679,0,815392,89293.2734375,0,0,20,0,0,1,0,0,6,0,26,0,0.84,00:00,00:00,00:00,00:00,00:00,00:00,guest,LV,LAT,69,,,,2.0,3.0,19784,8719,2,1665806628,1676667563,5,en-us,bltab7a33edbf6dcfc4,False,Breenbergh Hotel,2022-11-09T00:53:04.918Z,blt85aae568f2119ad8,Breenbergh Hotel,https://images.blz-contentstack.com/v3/assets/blta7b34f1f894a2422/blt40d49d85bb7d2c49/636c14eb3debb436bf972bdd/cdl-map-256_breenburgh_hotel.webp?auto=webp,Breenbergh Hotel,Breenbergh Hotel,https://images.blz-contentstack.com/v3/assets/blta7b34f1f894a2422/blt32587d48f533dc08/636c1510f17951383bcfbc8c/cdl-map-600_breeburgh_hotel.webp?auto=webp,https://images.blz-contentstack.com/v3/assets/blta7b34f1f894a2422/blt6b987db91f9770f9/636c1e3fabdffc469fad216b/cdl-1920_0002_Breenburgh_Hotel.jpg?auto=webp,[],Breenburgh Hotel,2022-12-03T02:04:30.718Z,blt85aae568f2119ad8,blt32369acdba41f6a8,en-us,2022-12-05T10:02:00.334Z,blte5475d8d4c1a4efe,3.0,2.0,15.0,69.0,3,1,15,69,2023-04-02T23:54:45.240Z
Embassy,CDL Hardpoint,46,2,James,Eubanks,Clayster,https://www.callofduty.com/content/dam/activision/in-game-asset/callofduty/cdl/en/headshots/46.png,"[{'socialNetworkType': 'TWITTER', 'handle': 'https://twitter.com/Clayster'}, {'socialNetworkType': 'TWITCH', 'handle': 'https://www.twitch.tv/Clayster'}]",166.35118103027344,6,24,18,8,4,0,0,2825,476,9,6,94,0,77.0,3.0,"1.0,2,8719,19785,3",32,23,7,4760,436,140,15,3993,113,509152,54547.3984375,0,0,26,0,0,2,0,0,9,3,30,0,1.39,00:00,00:00,00:00,00:00,00:00,00:00,host,LAT,LV,15,,,,,,19785,8719,3,1665806628,1676668518,5,en-us,blt6dc22929bb292794,False,Embassy,2022-11-09T00:53:34.076Z,blt85aae568f2119ad8,Embassy,https://images.blz-contentstack.com/v3/assets/blta7b34f1f894a2422/blt112cc8d178d91930/636c14ebf17951383bcfbc88/cdl-map-256_embassy.webp?auto=webp,Embassy,Embassy,https://images.blz-contentstack.com/v3/assets/blta7b34f1f894a2422/blt2ca44bf092b2fa44/636c1510c3b2be3d36ed1319/cdl-map-600_embassy.webp?auto=webp,https://images.blz-contentstack.com/v3/assets/blta7b34f1f894a2422/blte13b93cbbc2abcdc/636c1e3f56a62e51968cb282/cdl-1920_0005_Embassy.jpg?auto=webp,[],Embassy,2022-11-09T21:42:55.887Z,blt42192c9dc0a8617f,blt32369acdba41f6a8,en-us,2022-12-05T10:03:55.939Z,blte5475d8d4c1a4efe,250.0,201.0,15.0,69.0,3,1,15,69,2023-04-02T23:54:45.240Z
Embassy,CDL Hardpoint,38,2,Kenneth,Williams,Kenny,https://www.callofduty.com/content/dam/activision/in-game-asset/callofduty/cdl/en/headshots/38.png,"[{'socialNetworkType': 'TWITTER', 'handle': 'https://www.twitter.com/kuavo'}, {'socialNetworkType': 'TWITCH', 'handle': 'https://www.twitch.tv/kuavoken'}]",204.74447631835938,3,11,22,9,6,0,0,3542,640,16,9,96,88,23.0,2.0,"1.0,2,8719,19785,3",20,27,7,2955,371,113,16,2723,0,505328,68626.78125,0,0,17,0,1,2,0,0,4,4,20,0,0.74,00:00,00:00,00:00,00:00,00:00,00:00,guest,LV,LAT,69,,,,,,19785,8719,3,1665806628,1676668518,5,en-us,blt6dc22929bb292794,False,Embassy,2022-11-09T00:53:34.076Z,blt85aae568f2119ad8,Embassy,https://images.blz-contentstack.com/v3/assets/blta7b34f1f894a2422/blt112cc8d178d91930/636c14ebf17951383bcfbc88/cdl-map-256_embassy.webp?auto=webp,Embassy,Embassy,https://images.blz-contentstack.com/v3/assets/blta7b34f1f894a2422/blt2ca44bf092b2fa44/636c1510c3b2be3d36ed1319/cdl-map-600_embassy.webp?auto=webp,https://images.blz-contentstack.com/v3/assets/blta7b34f1f894a2422/blte13b93cbbc2abcdc/636c1e3f56a62e51968cb282/cdl-1920_0005_Embassy.jpg?auto=webp,[],Embassy,2022-11-09T21:42:55.887Z,blt42192c9dc0a8617f,blt32369acdba41f6a8,en-us,2022-12-05T10:03:55.939Z,blte5475d8d4c1a4efe,250.0,201.0,15.0,69.0,3,1,15,69,2023-04-02T23:54:45.240Z
Embassy,CDL Hardpoint,64,2,Donovan,Laroda,Temp,https://www.callofduty.com/content/dam/activision/in-game-asset/callofduty/cdl/en/headshots/64.png,"[{'socialNetworkType': 'TWITTER', 'handle': 'https://twitter.com/Temp'}, {'socialNetworkType': 'TWITCH', 'handle': 'https://www.twitch.tv/Temp'}]",162.24745178222656,5,17,14,8,6,0,0,2683,683,13,14,94,0,31.0,4.0,"1.0,2,8719,19785,3",24,20,7,3385,504,115,13,3305,0,541440,52657.78125,0,0,22,0,0,3,0,1,4,5,25,0,1.20,00:00,00:00,00:00,00:00,00:00,00:00,host,LAT,LV,15,,,,,,19785,8719,3,1665806628,1676668518,5,en-us,blt6dc22929bb292794,False,Embassy,2022-11-09T00:53:34.076Z,blt85aae568f2119ad8,Embassy,https://images.blz-contentstack.com/v3/assets/blta7b34f1f894a2422/blt112cc8d178d91930/636c14ebf17951383bcfbc88/cdl-map-256_embassy.webp?auto=webp,Embassy,Embassy,https://images.blz-contentstack.com/v3/assets/blta7b34f1f894a2422/blt2ca44bf092b2fa44/636c1510c3b2be3d36ed1319/cdl-map-600_embassy.webp?auto=webp,https://images.blz-contentstack.com/v3/assets/blta7b34f1f894a2422/blte13b93cbbc2abcdc/636c1e3f56a62e51968cb282/cdl-1920_0005_Embassy.jpg?auto=webp,[],Embassy,2022-11-09T21:42:55.887Z,blt42192c9dc0a8617f,blt32369acdba41f6a8,en-us,2022-12-05T10:03:55.939Z,blte5475d8d4c1a4efe,250.0,201.0,15.0,69.0,3,1,15,69,2023-04-02T23:54:45.240Z
Embassy,CDL Hardpoint,70,2,Sam,Larew,Octane,https://www.callofduty.com/content/dam/activision/in-game-asset/callofduty/cdl/en/headshots/70.png,"[{'socialNetworkType': 'TWITTER', 'handle': 'twitter.com/octaneSam'}, {'socialNetworkType': 'TWITCH', 'handle': 'https://www.twitch.tv/octane'}]",179.5998077392578,4,9,21,4,5,0,0,2901,249,6,12,96,0,21.0,4.0,"1.0,2,8719,19785,3",13,26,9,2160,355,79,9,2240,39,516160,57349.07421875,0,0,11,0,0,2,0,1,4,1,14,0,0.50,00:00,00:00,00:00,00:00,00:00,00:00,guest,LV,LAT,69,,,,,,19785,8719,3,1665806628,1676668518,5,en-us,blt6dc22929bb292794,False,Embassy,2022-11-09T00:53:34.076Z,blt85aae568f2119ad8,Embassy,https://images.blz-contentstack.com/v3/assets/blta7b34f1f894a2422/blt112cc8d178d91930/636c14ebf17951383bcfbc88/cdl-map-256_embassy.webp?auto=webp,Embassy,Embassy,https://images.blz-contentstack.com/v3/assets/blta7b34f1f894a2422/blt2ca44bf092b2fa44/636c1510c3b2be3d36ed1319/cdl-map-600_embassy.webp?auto=webp,https://images.blz-contentstack.com/v3/assets/blta7b34f1f894a2422/blte13b93cbbc2abcdc/636c1e3f56a62e51968cb282/cdl-1920_0005_Embassy.jpg?auto=webp,[],Embassy,2022-11-09T21:42:55.887Z,blt42192c9dc0a8617f,blt32369acdba41f6a8,en-us,2022-12-05T10:03:55.939Z,blte5475d8d4c1a4efe,250.0,201.0,15.0,69.0,3,1,15,69,2023-04-02T23:54:45.240Z
Embassy,CDL Hardpoint,97,2,Thomas ,Haly,TJHaLy,https://www.callofduty.com/content/dam/activision/in-game-asset/callofduty/cdl/en/headshots/97.png,"[{'socialNetworkType': 'TWITTER', 'handle': 'https://twitter.com/TJHaLy'}, {'socialNetworkType': 'TWITCH', 'handle': 'https://www.twitch.tv/tjhaly'}]",162.28515625,5,16,12,6,7,0,0,2382,482,18,13,93,194,54.0,2.0,"1.0,2,8719,19785,3",22,19,9,3590,341,102,4,2623,0,542544,53165.66796875,0,0,17,0,0,0,0,1,3,3,21,0,1.16,00:00,00:00,00:00,00:00,00:00,00:00,host,LAT,LV,15,,,,,,19785,8719,3,1665806628,1676668518,5,en-us,blt6dc22929bb292794,False,Embassy,2022-11-09T00:53:34.076Z,blt85aae568f2119ad8,Embassy,https://images.blz-contentstack.com/v3/assets/blta7b34f1f894a2422/blt112cc8d178d91930/636c14ebf17951383bcfbc88/cdl-map-256_embassy.webp?auto=webp,Embassy,Embassy,https://images.blz-contentstack.com/v3/assets/blta7b34f1f894a2422/blt2ca44bf092b2fa44/636c1510c3b2be3d36ed1319/cdl-map-600_embassy.webp?auto=webp,https://images.blz-contentstack.com/v3/assets/blta7b34f1f894a2422/blte13b93cbbc2abcdc/636c1e3f56a62e51968cb282/cdl-1920_0005_Embassy.jpg?auto=webp,[],Embassy,2022-11-09T21:42:55.887Z,blt42192c9dc0a8617f,blt32369acdba41f6a8,en-us,2022-12-05T10:03:55.939Z,blte5475d8d4c1a4efe,250.0,201.0,15.0,69.0,3,1,15,69,2023-04-02T23:54:45.240Z
Embassy,CDL Hardpoint,111,2,Dylan,Hannon,Envoy,https://www.callofduty.com/content/dam/activision/in-game-asset/callofduty/cdl/en/headshots/111.png,"[{'socialNetworkType': 'TWITTER', 'handle': 'https://twitter.com/DylanEnvoy'}, {'socialNetworkType': 'TWITCH', 'handle': 'https://www.twitch.tv/DylanEnvoy'}]",199.33152770996094,3,17,21,3,7,0,0,3387,409,14,10,92,124,107.0,6.0,"1.0,2,8719,19785,3",20,28,2,4370,300,83,10,1987,22,497440,67660.6875,0,0,15,0,0,1,0,0,6,4,20,0,0.71,00:00,00:00,00:00,00:00,00:00,00:00,guest,LV,LAT,69,,,,,,19785,8719,3,1665806628,1676668518,5,en-us,blt6dc22929bb292794,False,Embassy,2022-11-09T00:53:34.076Z,blt85aae568f2119ad8,Embassy,https://images.blz-contentstack.com/v3/assets/blta7b34f1f894a2422/blt112cc8d178d91930/636c14ebf17951383bcfbc88/cdl-map-256_embassy.webp?auto=webp,Embassy,Embassy,https://images.blz-contentstack.com/v3/assets/blta7b34f1f894a2422/blt2ca44bf092b2fa44/636c1510c3b2be3d36ed1319/cdl-map-600_embassy.webp?auto=webp,https://images.blz-contentstack.com/v3/assets/blta7b34f1f894a2422/blte13b93cbbc2abcdc/636c1e3f56a62e51968cb282/cdl-1920_0005_Embassy.jpg?auto=webp,[],Embassy,2022-11-09T21:42:55.887Z,blt42192c9dc0a8617f,blt32369acdba41f6a8,en-us,2022-12-05T10:03:55.939Z,blte5475d8d4c1a4efe,250.0,201.0,15.0,69.0,3,1,15,69,2023-04-02T23:54:45.240Z
Embassy,CDL Hardpoint,525,2,Brendan,Stockdale,2ReaL,https://telescope.callofduty.com/ts/codp/content/cdl/en/headshots/525.png,[],154.46682739257812,3,21,12,5,5,0,0,2370,626,13,8,88,152,101.0,6.0,"1.0,2,8719,19785,3",26,17,5,4635,365,108,11,2915,1,564976,51166.24609375,0,0,21,0,0,0,0,2,6,3,26,0,1.53,00:00,00:00,00:00,00:00,00:00,00:00,host,LAT,LV,15,,,,,,19785,8719,3,1665806628,1676668518,5,en-us,blt6dc22929bb292794,False,Embassy,2022-11-09T00:53:34.076Z,blt85aae568f2119ad8,Embassy,https://images.blz-contentstack.com/v3/assets/blta7b34f1f894a2422/blt112cc8d178d91930/636c14ebf17951383bcfbc88/cdl-map-256_embassy.webp?auto=webp,Embassy,Embassy,https://images.blz-contentstack.com/v3/assets/blta7b34f1f894a2422/blt2ca44bf092b2fa44/636c1510c3b2be3d36ed1319/cdl-map-600_embassy.webp?auto=webp,https://images.blz-contentstack.com/v3/assets/blta7b34f1f894a2422/blte13b93cbbc2abcdc/636c1e3f56a62e51968cb282/cdl-1920_0005_Embassy.jpg?auto=webp,[],Embassy,2022-11-09T21:42:55.887Z,blt42192c9dc0a8617f,blt32369acdba41f6a8,en-us,2022-12-05T10:03:55.939Z,blte5475d8d4c1a4efe,250.0,201.0,15.0,69.0,3,1,15,69,2023-04-02T23:54:45.240Z
Embassy,CDL Hardpoint,229,2,Zachary,Jordan,Drazah,https://www.callofduty.com/content/dam/activision/in-game-asset/callofduty/cdl/en/headshots/229.png,[],173.52891540527344,5,19,14,6,9,0,0,3068,680,15,11,96,0,75.0,3.0,"1.0,2,8719,19785,3",25,23,8,4125,441,115,12,3196,1,527168,62447.95703125,0,0,21,0,0,2,0,0,6,4,25,0,1.09,00:00,00:00,00:00,00:00,00:00,00:00,guest,LV,LAT,69,,,,,,19785,8719,3,1665806628,1676668518,5,en-us,blt6dc22929bb292794,False,Embassy,2022-11-09T00:53:34.076Z,blt85aae568f2119ad8,Embassy,https://images.blz-contentstack.com/v3/assets/blta7b34f1f894a2422/blt112cc8d178d91930/636c14ebf17951383bcfbc88/cdl-map-256_embassy.webp?auto=webp,Embassy,Embassy,https://images.blz-contentstack.com/v3/assets/blta7b34f1f894a2422/blt2ca44bf092b2fa44/636c1510c3b2be3d36ed1319/cdl-map-600_embassy.webp?auto=webp,https://images.blz-contentstack.com/v3/assets/blta7b34f1f894a2422/blte13b93cbbc2abcdc/636c1e3f56a62e51968cb282/cdl-1920_0005_Embassy.jpg?auto=webp,[],Embassy,2022-11-09T21:42:55.887Z,blt42192c9dc0a8617f,blt32369acdba41f6a8,en-us,2022-12-05T10:03:55.939Z,blte5475d8d4c1a4efe,250.0,201.0,15.0,69.0,3,1,15,69,2023-04-02T23:54:45.240Z
